<?xml version="1.0" encoding="UTF-8"?>
<manifest>
  <remote name="aosp" fetch="https://android.googlesource.com/" review="https://android.googlesource.com/" />
  <remote fetch="https://git.codelinaro.org/clo/la" name="clo-la"/>
  <default remote="clo-la" revision="dummy_revision" sync-c="true" sync-tags="false"/>
  <remote fetch="https://github.com/OnePlusOSS" name="origin"/>
  <project remote="origin" name="android_kernel_common_oneplus_sm8750" path="kernel_platform/common" revision="oneplus/sm8750_v_15.0.0_oneplus_13">
    <linkfile dest="kernel_platform/.source_date_epoch_dir" src="."/>
  </project>
  <project remote="origin" name="android_kernel_oneplus_sm8750" path="kernel_platform/msm-kernel" revision="oneplus/sm8750_v_15.0.0_oneplus_13">
    <linkfile dest="kernel_platform/WORKSPACE" src="bazel.WORKSPACE"/>
    <linkfile dest="kernel_platform/build_with_bazel.py" src="build_with_bazel.py"/>
  </project>
  <project remote="origin" name="android_kernel_modules_and_devicetree_oneplus_sm8750" path="./" revision="oneplus/sm8750_v_15.0.0_oneplus_13"/>
  <project remote="aosp" name="kernel/prebuilts/build-tools" path="kernel_platform/prebuilts/kernel-build-tools" clone-depth="1" groups="ddk" revision="b46264b70e3cdf70d08c9ae2df6ea3002b242ebc">
    <linkfile dest="kernel_platform/build/prebuilts/kernel-build-tools" src="."/>
  </project>
  <project remote="aosp" name="platform/build/bazel_common_rules" path="kernel_platform/build/bazel_common_rules" groups="ddk" revision="212bca45fa9e280adc98081483f649814baf4b61" />
  <project remote="aosp" name="platform/external/libcap-ng" path="kernel_platform/external/libcap-ng" revision="2bcc92ae19481dd2b8d3ce3abdfbbee49261abe6" groups="ddk-external" />
  <project remote="aosp" name="platform/external/libcap" path="kernel_platform/external/libcap" revision="8729338c078737da57a8b63ee88016799dfb4cdb" groups="ddk-external" />
  <project remote="aosp" name="platform/external/bazel-skylib" path="kernel_platform/external/bazel-skylib" revision="6b103c40d8113f001475d5e13672922ef2aa0e5a" groups="ddk-external" />
  <project remote="aosp" name="platform/external/bazelbuild-bazel-central-registry" path="kernel_platform/external/bazelbuild-bazel-central-registry" revision="7018452ffac4fc070b29d5c5c872bac3c746a06a" groups="ddk-external" />
  <project remote="aosp" name="platform/external/bazelbuild-platforms" path="kernel_platform/external/bazelbuild-platforms" revision="04d937168075c80205c96f31752000e9de759adb" groups="ddk-external" />
  <project remote="aosp" name="platform/external/bazelbuild-apple_support" path="kernel_platform/external/bazelbuild-apple_support" revision="f6003e1e3763f8aad9fb9acae79cfa5fff9ae988" groups="ddk-external" />
  <project remote="aosp" name="platform/external/bazelbuild-rules_cc" path="kernel_platform/external/bazelbuild-rules_cc" revision="5d626dcf48e0e97933b48456a86966971799c9e9" groups="ddk-external" />
  <project remote="aosp" name="platform/external/bazelbuild-rules_java" path="kernel_platform/external/bazelbuild-rules_java" revision="8e548c7053dffd1717d565f0409a88992f401da1" groups="ddk-external" />
  <project remote="aosp" name="platform/external/bazelbuild-rules_license" path="kernel_platform/external/bazelbuild-rules_license" revision="f578df4fd057ffe2023728444759535685631548" groups="ddk-external" />
  <project remote="aosp" name="platform/external/bazelbuild-rules_pkg" path="kernel_platform/external/bazelbuild-rules_pkg" revision="632ab98c81cf295750dc096142d4ca76264084bc" groups="ddk-external" />
  <project remote="aosp" name="platform/external/bazelbuild-rules_python" path="kernel_platform/external/bazelbuild-rules_python" revision="f71847ac898655b67634bb14e77a7408c4fb5e00" groups="ddk-external" />
  <project remote="aosp" name="platform/external/python/absl-py" path="kernel_platform/external/python/absl-py" revision="9ae5a78fc57c3cd539398373ae39601a8b923e62" groups="ddk-external" />
  <project remote="aosp" name="platform/external/lz4" path="kernel_platform/external/lz4" revision="124599333514066524f55f5f41fbf0d46212e598" groups="ddk" />
  <project remote="aosp" name="platform/external/pigz" path="kernel_platform/external/pigz" revision="9bc9fa17d499ddde88b77820f6d063e16c0cdd42" groups="ddk" />
  <project remote="aosp" name="platform/external/toybox" path="kernel_platform/external/toybox" revision="91f90361fc563025e6d152d68d2072109500d602" groups="ddk" />
  <project remote="aosp" name="platform/external/zlib" path="kernel_platform/external/zlib" revision="b34cd2e4371556e913ad9801a924a891c74d1463" groups="ddk" />
  <project remote="aosp" name="platform/external/zopfli" path="kernel_platform/external/zopfli" revision="36c79f00e5229800d2aaa13fc42c301ec8ef1153" groups="ddk" />
  <project remote="clo-la" name="kernel_platform/external/dtc" path="kernel_platform/external/dtc" revision="3a8c1bbce993f9143835c7f40eeefcdf948cfaf5" upstream="refs/heads/kernel.build.lnx.1.0.r15-rel" clone-depth="1"/>
  <project remote="clo-la" name="kernel_platform/external/stardoc" path="kernel_platform/external/stardoc" revision="0d74fed6f8d0844f696771e71bc0b071cae99021" upstream="refs/heads/ks-kernel.lnx.3.0.r1-rel" clone-depth="1"/>
  <project remote="aosp" name="platform/prebuilts/rust" path="kernel_platform/prebuilts/rust" revision="442511af884f074018466f85b4daadd4b0ac0050" clone-depth="1" />
  <project remote="aosp" name="platform/tools/tradefederation/prebuilts" path="kernel_platform/prebuilts/tradefed" revision="fddb4c6cb91a580ee1f06536b8b5de15e98af638" clone-depth="1" />
  <project remote="aosp" name="platform/prebuilts/asuite" path="kernel_platform/prebuilts/asuite" revision="659188034e89b2456c4cea7e38c80c28589dafa5" clone-depth="1" />
  <project remote="aosp" name="platform/prebuilts/build-tools" path="kernel_platform/prebuilts/build-tools" revision="5c0b50c49d7c958c05cd3050e43f4772003df800" clone-depth="1" groups="ddk">
    <linkfile dest="kernel_platform/build/prebuilts/build-tools" src="."/>
  </project>
  <project remote="aosp" name="platform/prebuilts/clang-tools" path="kernel_platform/prebuilts/clang-tools" revision="1634c6a556d1f2c24897bf74156c6449486e8941" clone-depth="1">
    <linkfile dest="kernel_platform/build/prebuilts/clang-tools" src="."/>
  </project>
  <project remote="aosp" name="platform/prebuilts/jdk/jdk11" path="kernel_platform/prebuilts/jdk/jdk11" revision="c6c90521b7c317f13d41bbd9336a8d45ee202cec" clone-depth="1" groups="ddk" />
  <project remote="aosp" name="platform/system/tools/mkbootimg" path="kernel_platform/tools/mkbootimg" revision="d2bb0af5ba6d3198a3e99529c97eda1be0b5a093" clone-depth="1" groups="ddk" />
  <project remote="aosp" name="toolchain/prebuilts/ndk/r26" path="kernel_platform/prebuilts/ndk-r26" revision="abad5cbde7eb9684e37d7569810743a8a34826af" clone-depth="1" groups="ddk" />  
  <project remote="aosp" name="platform/prebuilts/clang/host/linux-x86" path="kernel_platform/prebuilts/clang/host/linux-x86" revision="7061673283909f372f4938e45149d23bd10cbd40" clone-depth="1" groups="ddk" />
  <project remote="aosp" name="platform/prebuilts/gcc/linux-x86/host/x86_64-linux-glibc2.17-4.8" path="kernel_platform/prebuilts/gcc/linux-x86/host/x86_64-linux-glibc2.17-4.8" revision="739d8a41b6096d384338a62995a04739aff8693d" clone-depth="1" groups="ddk">
    <linkfile dest="kernel_platform/build/build-tools/sysroot" src="sysroot"/>
  </project>
</manifest>
