<?xml version="1.0" encoding="UTF-8"?>
<manifest>
  <remote fetch="https://git.codelinaro.org/clo/la" name="clo-la"/>
  <remote fetch="https://github.com/OnePlusOSS" name="origin"/>
  <default remote="clo-la" revision="dummy_revision" sync-c="true" sync-tags="false"/>
  <project remote="origin" name="android_kernel_common_oneplus_sm8750" path="kernel_platform/common" revision="oneplus/sm8750_v_15.0.0_oneplus_13">
    <linkfile dest="kernel_platform/.source_date_epoch_dir" src="."/>
  </project>
  <project remote="origin" name="android_kernel_oneplus_sm8750" path="kernel_platform/msm-kernel" revision="oneplus/sm8750_v_15.0.0_oneplus_13">
    <linkfile dest="kernel_platform/build_with_bazel.py" src="build_with_bazel.py"/>
  </project>
  <project remote="origin" name="android_kernel_modules_and_devicetree_oneplus_sm8750" path="./" revision="oneplus/sm8750_v_15.0.0_oneplus_13"/>
  <project remote="clo-la" name="kernel/prebuilts/build-tools" path="kernel_platform/prebuilts/kernel-build-tools" revision="434f141b6d22a773a163fa9c707b19b4d254d989" upstream="refs/heads/ks-kernel.lnx.4.0.r1-rel" groups="ddk">
    <linkfile dest="kernel_platform/build/prebuilts/kernel-build-tools" src="."/>
  </project>
  <project remote="clo-la" name="kernel_platform/build/bazel_common_rules" path="kernel_platform/build/bazel_common_rules" revision="bf4e96f45555a215fe9923b516d2b7dfd3ec3c1f" upstream="refs/heads/ks-kernel.lnx.4.0.r1-rel" groups="ddk"/>
  <project remote="clo-la" name="kernel_platform/external/bazel-skylib" path="kernel_platform/external/bazel-skylib" revision="1699b2281164661387bcab62e08b1248f7908c49" upstream="refs/heads/ks-kernel.lnx.4.0.r1-rel" groups="ddk-external"/>
  <project remote="clo-la" name="kernel_platform/external/bazelbuild-apple_support" path="kernel_platform/external/bazelbuild-apple_support" revision="f6003e1e3763f8aad9fb9acae79cfa5fff9ae988" upstream="refs/heads/ks-kernel.lnx.4.0.r1-rel" groups="ddk-external"/>
  <project remote="clo-la" name="kernel_platform/external/bazelbuild-bazel-central-registry" path="kernel_platform/external/bazelbuild-bazel-central-registry" revision="5fa460f7563e307ed8396540aaf2e257f353e908" upstream="refs/heads/ks-kernel.lnx.4.0.r1-rel" groups="ddk-external"/>
  <project remote="clo-la" name="kernel_platform/external/bazelbuild-platforms" path="kernel_platform/external/bazelbuild-platforms" revision="f0d9433341479772b8b645da1208377c2862627c" upstream="refs/heads/ks-kernel.lnx.4.0.r1-rel" groups="ddk-external"/>
  <project remote="clo-la" name="kernel_platform/external/bazelbuild-rules_cc" path="kernel_platform/external/bazelbuild-rules_cc" revision="dc5e9e76198df0f60f7de1a8c2d947a2a972fa69" upstream="refs/heads/ks-kernel.lnx.4.0.r1-rel" groups="ddk-external"/>
  <project remote="clo-la" name="kernel_platform/external/bazelbuild-rules_java" path="kernel_platform/external/bazelbuild-rules_java" revision="c9de4ea84567c22dc3e1aa555b6d468393df5c5d" upstream="refs/heads/ks-kernel.lnx.4.0.r1-rel" groups="ddk-external"/>
  <project remote="clo-la" name="kernel_platform/external/bazelbuild-rules_license" path="kernel_platform/external/bazelbuild-rules_license" revision="30733c530db3ec72b5c0cb2d30f798d6aaf1b499" upstream="refs/heads/ks-kernel.lnx.4.0.r1-rel" groups="ddk-external"/>
  <project remote="clo-la" name="kernel_platform/external/bazelbuild-rules_pkg" path="kernel_platform/external/bazelbuild-rules_pkg" revision="eff68f6d75b3e5763aac416df6d68cf7dc420cb4" upstream="refs/heads/ks-kernel.lnx.4.0.r1-rel" groups="ddk-external"/>
  <project remote="clo-la" name="kernel_platform/external/bazelbuild-rules_python" path="kernel_platform/external/bazelbuild-rules_python" revision="3e22460c62b498cfaa6708003738a3bfaef9cd82" upstream="refs/heads/ks-kernel.lnx.4.0.r1-rel" groups="ddk-external"/>
  <project remote="clo-la" name="kernel_platform/external/dtc" path="kernel_platform/external/dtc" revision="6aa78bad656ffc106bb909774fee5fc2d86d4949" upstream="refs/heads/kernel.build.lnx.2.0.r9-rel"/>
  <project remote="clo-la" name="kernel_platform/external/libcap" path="kernel_platform/external/libcap" revision="336d1164b390131c4773b503771e9b53d9bb4f03" upstream="refs/heads/ks-kernel.lnx.4.0.r1-rel"/>
  <project remote="clo-la" name="kernel_platform/external/libcap-ng" path="kernel_platform/external/libcap-ng" revision="2bcc92ae19481dd2b8d3ce3abdfbbee49261abe6" upstream="refs/heads/ks-kernel.lnx.4.0.r1-rel"/>
  <project remote="clo-la" name="kernel_platform/external/lz4" path="kernel_platform/external/lz4" revision="124599333514066524f55f5f41fbf0d46212e598" upstream="refs/heads/ks-kernel.lnx.4.0.r1-rel" groups="ddk"/>
  <project remote="clo-la" name="kernel_platform/external/pigz" path="kernel_platform/external/pigz" revision="9bc9fa17d499ddde88b77820f6d063e16c0cdd42" upstream="refs/heads/ks-kernel.lnx.4.0.r1-rel" groups="ddk"/>
  <project remote="clo-la" name="kernel_platform/external/python/absl-py" path="kernel_platform/external/python/absl-py" revision="af9da234ce5045467014f4e7b53798e8feb2339b" upstream="refs/heads/ks-kernel.lnx.4.0.r1-rel" groups="ddk-external"/>
  <project remote="clo-la" name="kernel_platform/external/toybox" path="kernel_platform/external/toybox" revision="dd6f71c76fe1574cf358129be29afa245eff4e36" upstream="refs/heads/ks-kernel.lnx.4.0.r1-rel" groups="ddk"/>
  <project remote="clo-la" name="kernel_platform/external/zlib" path="kernel_platform/external/zlib" revision="4f57254519623a55dcd5bedc454337f6352f2193" upstream="refs/heads/ks-kernel.lnx.4.0.r1-rel" groups="ddk"/>
  <project remote="clo-la" name="kernel_platform/external/zopfli" path="kernel_platform/external/zopfli" revision="1e312f1cc3edc4cf7c489aa95a01f2878eb01fd7" upstream="refs/heads/ks-kernel.lnx.4.0.r1-rel" groups="ddk"/>
  <project remote="clo-la" name="kernel_platform/prebuilts/asuite" path="kernel_platform/prebuilts/asuite" revision="6588d7a5628a91d985a6da00e8a34d66b47dc119" upstream="refs/heads/ks-kernel.lnx.4.0.r1-rel"/>
  <project remote="clo-la" name="kernel_platform/prebuilts/build-tools" path="kernel_platform/prebuilts/build-tools" revision="d399f06c8cee351df2b93bac1e767f673d776c16" upstream="refs/heads/ks-kernel.lnx.4.0.r1-rel" groups="ddk">
    <linkfile dest="kernel_platform/build/prebuilts/build-tools" src="."/>
  </project>
  <project remote="clo-la" name="kernel_platform/prebuilts/clang-tools" path="kernel_platform/prebuilts/clang-tools" revision="70bc10de031e2d0ff7e76adb9746bf339bb135c0" upstream="refs/heads/ks-kernel.lnx.4.0.r1-rel">
    <linkfile dest="kernel_platform/build/prebuilts/clang-tools" src="."/>
  </project>
  <project remote="clo-la" name="kernel_platform/prebuilts/jdk/jdk11" path="kernel_platform/prebuilts/jdk/jdk11" revision="f2f372463c74a896e3d8a0abb33e4667837458c2" upstream="refs/heads/ks-kernel.lnx.4.0.r1-rel" groups="ddk"/>
  <project remote="clo-la" name="kernel_platform/prebuilts/rust" path="kernel_platform/prebuilts/rust" revision="aff65346a9f85db2c8fd1d0c13b6dcd0bee76390" upstream="refs/heads/ks-kernel.lnx.4.0.r1-rel"/>
  <project remote="clo-la" name="kernel_platform/system/tools/mkbootimg" path="kernel_platform/tools/mkbootimg" revision="5fa28e8bc7f708d49a5cd42c8baaa4e8c03e08ef" upstream="refs/heads/ks-kernel.lnx.4.0.r1-rel"/>
  <project remote="clo-la" name="kernel_platform/toolchain/prebuilts/ndk/r26" path="kernel_platform/prebuilts/ndk-r26" revision="226a78340f6196e9a2ee83a812afa2929f5fe54a" upstream="refs/heads/ks-kernel.lnx.4.0.r1-rel" groups="ddk"/>
  <project remote="clo-la" name="kernel_platform/tools/tradefederation/prebuilts" path="kernel_platform/prebuilts/tradefed" revision="0d6bd67313f94bd03fc54c350b9de54d94442ee7" upstream="refs/heads/ks-kernel.lnx.4.0.r1-rel"/>
  <project remote="clo-la" name="kernelplatform/prebuilts-master/clang/host/linux-x86" path="kernel_platform/prebuilts/clang/host/linux-x86" revision="b099698c583b8361ca771f3cc8d6af6f729f39b3" upstream="refs/heads/ks-kernel.lnx.4.0.r1-rel" groups="ddk"/>
  <project remote="clo-la" name="kernelplatform/prebuilts/gcc/linux-x86/host/x86_64-linux-glibc2.17-4.8" path="kernel_platform/prebuilts/gcc/linux-x86/host/x86_64-linux-glibc2.17-4.8" revision="e0de596ee4e1128b36fd2be9ec04422360bf404f" upstream="refs/heads/ks-kernel.lnx.4.0.r1-rel" groups="ddk">
    <linkfile dest="kernel_platform/build/build-tools/sysroot" src="sysroot"/>
  </project>
</manifest>
